Gender,Age,Department,Department_code,Years_exp,Tenure (months),Gross
0,25,Tech,7,7.5,7,74922
1,26,Operations,3,8.0,6,44375
0,24,Operations,3,7.0,8,82263
0,26,Operations,3,8.0,6,44375
0,29,Engineering,0,9.5,25,235405
0,32,Other,4,11.0,8,87300
1,27,Operations,3,8.5,6,44375
0,24,Operations,3,7.0,6,44375
0,24,Other,4,7.0,8,96995
1,24,Operations,3,7.0,6,44375
1,27,Other,4,8.5,9,99552
0,25,Operations,3,7.5,6,44375
0,26,Other,4,8.0,8,68880
1,29,Other,4,9.5,8,212250
0,27,Other,4,8.5,8,77795
0,33,Other,4,11.5,8,175533
1,31,Other,4,10.5,8,96367
0,31,Tech,7,10.5,8,162667
0,25,Tech,7,7.5,8,106933
1,24,Other,4,7.0,8,70417
0,27,Tech,7,8.5,8,199333
1,28,Tech,7,9.0,8,167600
0,34,Engineering,0,12.0,8,249933
0,36,Engineering,0,13.0,8,162667
0,25,Engineering,0,7.5,8,123967
0,32,Tech,7,11.0,8,195114
0,38,Other,4,14.0,8,264109
0,31,Other,4,10.5,8,111591
0,39,Finance,1,14.5,8,252348
1,26,Other,4,8.0,8,105552
0,37,Sales,6,13.5,8,175533
0,26,Operations,3,8.0,8,80132
1,25,Other,4,7.5,8,65856
0,29,Operations,3,9.5,8,101334
0,28,Operations,3,9.0,8,95094
1,24,Media,2,7.0,8,112067
0,38,Engineering,0,14.0,8,445267
0,28,Operations,3,9.0,8,97094
0,32,Tech,7,11.0,8,145680
1,23,Other,4,6.5,8,122200
0,29,Tech,7,9.5,8,215200
0,26,Media,2,8.0,8,170600
0,29,Other,4,9.5,8,195114
0,29,Other,4,9.5,7,119552
0,29,Tech,7,9.5,7,216267
0,26,Media,2,8.0,7,123000
0,29,Engineering,0,9.5,7,202333
0,28,Engineering,0,9.0,7,183467
0,32,Other,4,11.0,7,181202
0,30,Other,4,10.0,7,202333
1,26,Other,4,8.0,7,93185
0,31,Media,2,10.5,7,194400
0,30,Other,4,10.0,7,115286
1,26,Other,4,8.0,7,111591
1,27,Other,4,8.5,7,151337
0,25,Tech,7,7.5,7,136725
0,31,Tech,7,10.5,7,258917
0,35,Other,4,12.5,7,286487
1,27,Other,4,8.5,7,112067
0,28,Tech,7,9.0,7,125795
1,27,Operations,3,8.5,7,88267
1,28,Engineering,0,9.0,7,249200
1,26,Media,2,8.0,7,363633
0,29,Tech,7,9.5,6,445075
0,31,Tech,7,10.5,7,105705
0,28,Other,4,9.0,6,242948
0,35,Other,4,12.5,7,263636
1,34,Tech,7,12.0,6,187213
0,27,Other,4,8.5,6,215363
0,27,Other,4,8.5,6,76330
1,38,Other,4,14.0,6,249344
0,29,Tech,7,9.5,6,418587
0,30,Other,4,10.0,6,143988
0,33,Other,4,11.5,6,297127
0,25,Other,4,7.5,6,120239
0,32,Other,4,11.0,6,299358
1,28,Sales,6,9.0,6,150035
1,28,Engineering,0,9.0,6,195785
1,23,Finance,1,6.5,6,92714
1,29,Tech,7,9.5,6,113126
0,32,Tech,7,11.0,6,232628
0,27,Tech,7,8.5,6,123287
1,29,Media,2,9.5,6,161500
0,24,Tech,7,7.0,6,122269
0,27,Tech,7,8.5,6,106605
1,26,Tech,7,8.0,6,84317
0,23,Other,4,6.5,6,60723
1,24,Other,4,7.0,6,60723
1,26,Product,5,8.0,6,154048
0,26,Other,4,8.0,6,60723
0,36,Product,5,13.0,6,333194
0,26,Other,4,8.0,6,69138
0,29,Tech,7,9.5,6,112738
0,35,Tech,7,12.5,6,156501
0,25,Other,4,7.5,6,44375
1,26,Other,4,8.0,6,44375
0,30,Other,4,10.0,6,71395
0,38,Other,4,14.0,8,253273
0,32,Finance,1,11.0,72,111947
0,25,Operations,3,7.5,12,256
0,31,Tech,7,10.5,44,3898
0,31,Tech,7,10.5,55,364137
0,32,Tech,7,11.0,20,239957
1,32,Sales,6,11.0,100,115843
1,40,Sales,6,15.0,32,31906
1,37,Other,4,13.5,89,298183
1,30,Finance,1,10.0,47,167190
0,28,Engineering,0,9.0,42,59556
1,32,Finance,1,11.0,14,118734
0,34,Other,4,12.0,41,274262
1,25,Other,4,7.5,37,699
0,33,Media,2,11.5,41,227364
0,30,Finance,1,10.0,61,107465
1,35,Tech,7,12.5,77,247721
0,33,Media,2,11.5,57,288597
0,32,Other,4,11.0,10,225117
1,33,Tech,7,11.5,11,198049
1,28,Tech,7,9.0,31,86609
0,34,Sales,6,12.0,25,133673
0,28,Media,2,9.0,70,105661
0,30,Product,5,10.0,49,148974
0,40,Media,2,15.0,24,303880
1,38,Other,4,14.0,75,124469
0,35,Other,4,12.5,74,301605
0,35,Tech,7,12.5,50,335149
0,32,Other,4,11.0,32,108623
0,33,Engineering,0,11.5,37,219167
0,30,Finance,1,10.0,36,100874
1,37,Other,4,13.5,78,143647
0,33,Other,4,11.5,75,167374
0,28,Tech,7,9.0,49,98453
0,31,Operations,3,10.5,79,203252
0,33,Media,2,11.5,61,239817
0,27,Other,4,8.5,49,146181
0,31,Tech,7,10.5,34,132569
0,36,Tech,7,13.0,40,203731
0,28,Tech,7,9.0,34,138934
0,39,Other,4,14.5,76,124896
0,37,Tech,7,13.5,58,215116
0,33,Media,2,11.5,55,265121
0,33,Tech,7,11.5,74,174189
0,35,Other,4,12.5,36,171928
0,38,Tech,7,14.0,78,312440
0,35,Engineering,0,12.5,73,278219
1,37,Finance,1,13.5,75,118803
0,40,Tech,7,15.0,76,268334
0,29,Other,4,9.5,56,155594
0,28,Other,4,9.0,8,163222
0,38,Engineering,0,14.0,77,320957
0,39,Other,4,14.5,74,379039
0,41,Other,4,15.5,58,237806
0,33,Engineering,0,11.5,37,251152
0,30,Tech,7,10.0,9,114591
0,33,Tech,7,11.5,65,107049
0,31,Other,4,10.5,33,182404
0,29,Product,5,9.5,40,152140
1,28,Engineering,0,9.0,11,116033
0,39,Media,2,14.5,78,268718
1,28,Other,4,9.0,33,71371
0,30,Tech,7,10.0,31,117700
0,31,Finance,1,10.5,60,110257
0,40,Other,4,15.0,73,175864
0,39,Other,4,14.5,74,144182
0,36,Other,4,13.0,61,139103
0,31,Engineering,0,10.5,75,318763
1,29,Other,4,9.5,31,96309
0,33,Engineering,0,11.5,58,237892
1,35,Other,4,12.5,76,254223
0,29,Finance,1,9.5,22,88729
0,33,Other,4,11.5,74,142057
0,37,Other,4,13.5,75,171423
0,28,Tech,7,9.0,38,106812
0,35,Other,4,12.5,43,233796
1,30,Operations,3,10.0,48,122200
1,32,Other,4,11.0,61,142850
0,31,Engineering,0,10.5,35,102611
0,28,Tech,7,9.0,49,97847
0,35,Tech,7,12.5,40,233541
0,31,Tech,7,10.5,79,243548
0,41,Other,4,15.5,77,170118
1,31,Other,4,10.5,10,111598
0,38,Media,2,14.0,76,370368
0,35,Other,4,12.5,77,143729
0,29,Operations,3,9.5,50,138272
0,31,Other,4,10.5,75,202840
0,36,Other,4,13.0,64,116839
0,28,Tech,7,9.0,32,115128
0,30,Engineering,0,10.0,23,200556
1,32,Tech,7,11.0,77,132061
0,31,Media,2,10.5,48,221544
0,31,Engineering,0,10.5,33,133636
0,30,Other,4,10.0,26,141230
1,33,Media,2,11.5,77,187720
1,30,Finance,1,10.0,75,119557
0,35,Sales,6,12.5,29,212250
0,34,Other,4,12.0,12,99871
1,37,Tech,7,13.5,62,224091
1,29,Media,2,9.5,79,127917
1,29,Operations,3,9.5,55,133337
0,33,Other,4,11.5,78,374912
1,29,Finance,1,9.5,25,99325
1,32,Finance,1,11.0,70,104000
0,37,Media,2,13.5,71,367155
1,32,Other,4,11.0,35,192799
0,35,Media,2,12.5,65,332960
0,36,Other,4,13.0,71,271871
0,29,Operations,3,9.5,74,172798
0,29,Other,4,9.5,21,149353
1,30,Other,4,10.0,75,162016
0,31,Other,4,10.5,77,236285
0,34,Tech,7,12.0,48,240900
0,35,Other,4,12.5,30,149228
1,29,Other,4,9.5,75,209297
1,31,Product,5,10.5,69,135063
1,33,Tech,7,11.5,67,218694
0,31,Other,4,10.5,52,114375
0,33,Media,2,11.5,71,277920
0,37,Other,4,13.5,85,120781
0,31,Other,4,10.5,70,209503
0,33,Product,5,11.5,92,203468
0,37,Tech,7,13.5,23,234061
0,29,Product,5,9.5,92,178533
0,33,Other,4,11.5,26,87890
0,32,Other,4,11.0,66,225519
0,29,Other,4,9.5,58,148573
0,28,Other,4,9.0,20,124559
0,32,Other,4,11.0,76,116201
0,29,Tech,7,9.5,41,110666
1,35,Other,4,12.5,90,313460
0,33,Other,4,11.5,55,216690
0,37,Engineering,0,13.5,26,296629
0,35,Media,2,12.5,87,239865
0,33,Finance,1,11.5,67,112193
0,34,Media,2,12.0,62,280473
1,28,Tech,7,9.0,46,144322
1,34,Media,2,12.0,69,242336
0,31,Tech,7,10.5,86,238054
1,29,Tech,7,9.5,49,138925
1,29,Media,2,9.5,32,137280
0,33,Tech,7,11.5,41,284667
1,32,Tech,7,11.0,35,103413
1,29,Other,4,9.5,81,154834
1,28,Operations,3,9.0,81,129858
0,38,Other,4,14.0,63,121168
0,29,Tech,7,9.5,48,174089
0,38,Engineering,0,14.0,36,400848
0,33,Tech,7,11.5,33,286415
0,32,Other,4,11.0,43,163872
0,34,Media,2,12.0,31,296308
0,40,Other,4,15.0,12,198367
0,31,Other,4,10.5,52,168590
0,34,Other,4,12.0,26,166817
0,37,Product,5,13.5,28,381274
0,35,Tech,7,12.5,81,559084
0,39,Sales,6,14.5,12,432400
0,35,Other,4,12.5,61,281660
0,34,Other,4,12.0,33,151863
1,29,Tech,7,9.5,37,153655
0,36,Tech,7,13.0,84,296066
0,29,Tech,7,9.5,84,212708
0,28,Tech,7,9.0,19,140140
1,30,Other,4,10.0,81,121135
1,32,Media,2,11.0,35,162967
0,39,Product,5,14.5,38,173915
1,34,Other,4,12.0,38,166280
1,38,Tech,7,14.0,56,275196
0,29,Tech,7,9.5,23,172259
1,31,Finance,1,10.5,91,99648
1,30,Other,4,10.0,38,123232
0,33,Other,4,11.5,84,261530
1,37,Sales,6,13.5,31,118810
0,32,Finance,1,11.0,64,89757
0,32,Tech,7,11.0,67,277327
0,36,Media,2,13.0,63,220601
1,36,Engineering,0,13.0,37,130710
0,29,Other,4,9.5,29,187090
0,36,Media,2,13.0,35,252249
1,29,Product,5,9.5,81,152149
0,33,Other,4,11.5,33,188617
0,30,Other,4,10.0,58,172232
0,31,Tech,7,10.5,65,72929
0,40,Engineering,0,15.0,37,272687
1,36,Operations,3,13.0,89,236048
0,39,Sales,6,14.5,96,362033
0,36,Tech,7,13.0,88,382988
1,31,Tech,7,10.5,72,188621
0,40,Sales,6,15.0,86,274588
0,35,Finance,1,12.5,93,122480
0,41,Tech,7,15.5,52,390375
0,42,Media,2,16.0,38,341364
0,33,Other,4,11.5,63,213219
1,32,Tech,7,11.0,64,208756
1,36,Media,2,13.0,32,194994
0,28,Tech,7,9.0,42,130957
0,32,Operations,3,11.0,50,185693
0,36,Sales,6,13.0,35,119724
0,34,Other,4,12.0,33,196477
0,39,Other,4,14.5,71,130814
0,30,Tech,7,10.0,54,130294
0,35,Media,2,12.5,133,476046
0,30,Engineering,0,10.0,17,266879
0,39,Tech,7,14.5,29,164276
0,35,Other,4,12.5,63,273394
0,31,Tech,7,10.5,28,304702
0,32,Other,4,11.0,35,102846
0,35,Other,4,12.5,38,348617
1,32,Sales,6,11.0,23,78350
0,35,Other,4,12.5,105,286230
1,36,Other,4,13.0,34,180518
0,38,Engineering,0,14.0,24,317410
0,32,Other,4,11.0,104,195250
0,38,Media,2,14.0,35,246014
0,36,Other,4,13.0,126,191767
0,32,Other,4,11.0,139,270000
1,44,Other,4,17.0,190,202191
0,37,Other,4,13.5,151,187782
0,36,Finance,1,13.0,103,109934
0,49,Tech,7,19.5,120,519979
1,29,Media,2,9.5,64,235809
0,31,Other,4,10.5,56,152434
0,38,Other,4,14.0,154,259048
0,42,Tech,7,16.0,139,278248
0,42,Operations,3,16.0,173,254923
1,38,Other,4,14.0,108,238415
0,42,Finance,1,16.0,123,385084
0,39,Other,4,14.5,41,177146
1,35,Engineering,0,12.5,148,263158
1,28,Operations,3,9.0,10,142833
0,35,Other,4,12.5,108,183986
0,31,Operations,3,10.5,62,200475
0,38,Finance,1,14.0,106,197567
0,38,Operations,3,14.0,37,201104
0,37,Media,2,13.5,102,352455
1,38,Finance,1,14.0,146,118705
0,33,Other,4,11.5,136,344397
0,40,Other,4,15.0,113,564931
0,35,Other,4,12.5,127,262776
0,40,Media,2,15.0,190,494391
0,38,Finance,1,14.0,151,269344
0,35,Other,4,12.5,144,363462
0,38,Other,4,14.0,114,267435
0,33,Media,2,11.5,80,196804
0,38,Media,2,14.0,83,375290
0,40,Other,4,15.0,87,211594
1,29,Other,4,9.5,60,111078
0,31,Other,4,10.5,87,142024
0,42,Tech,7,16.0,94,201071
1,33,Sales,6,11.5,93,285436
0,35,Tech,7,12.5,101,228296
0,41,Finance,1,15.5,104,133761
0,42,Tech,7,16.0,118,205742
1,29,Other,4,9.5,48,116053
0,38,Other,4,14.0,144,330280
0,44,Sales,6,17.0,190,634733
0,29,Tech,7,9.5,42,146703
0,33,Other,4,11.5,35,239695
0,43,Product,5,16.5,85,491032
0,47,Other,4,18.5,96,465851
0,30,Finance,1,10.0,24,93105
0,28,Other,4,9.0,69,106644
1,37,Other,4,13.5,61,364113
0,34,Engineering,0,12.0,79,298537
0,36,Engineering,0,13.0,70,220125
0,30,Other,4,10.0,50,163222
0,33,Tech,7,11.5,77,178437
0,37,Other,4,13.5,47,290572
0,36,Finance,1,13.0,74,122378
0,46,Other,4,18.0,33,433172
0,40,Media,2,15.0,32,391846
1,31,Other,4,10.5,33,126448
0,36,Media,2,13.0,35,212345
0,39,Tech,7,14.5,120,361763
0,39,Finance,1,14.5,125,173876
1,30,Tech,7,10.0,27,141696
0,35,Other,4,12.5,123,232765
1,29,Media,2,9.5,47,114272
0,30,Media,2,10.0,40,153353
1,30,Other,4,10.0,48,85895
1,29,Tech,7,9.5,84,146418
0,28,Media,2,9.0,84,188155
1,28,Tech,7,9.0,42,134657
1,32,Other,4,11.0,17,166565
1,32,Tech,7,11.0,14,162451
0,29,Tech,7,9.5,41,154296
1,30,Other,4,10.0,32,205381
0,36,Engineering,0,13.0,26,353531
1,33,Media,2,11.5,66,187671
1,35,Other,4,12.5,80,111259
0,35,Other,4,12.5,59,252589
1,32,Operations,3,11.0,46,158068
0,36,Sales,6,13.0,62,150682
0,37,Other,4,13.5,9,114591
1,28,Tech,7,9.0,84,204752
1,32,Other,4,11.0,12,195114
1,29,Product,5,9.5,40,148654
0,33,Media,2,11.5,90,291982
0,42,Other,4,16.0,137,149470
0,31,Tech,7,10.5,68,167193
1,31,Tech,7,10.5,70,183775
0,37,Tech,7,13.5,120,337517
0,30,Tech,7,10.0,17,155524
0,30,Other,4,10.0,35,108519
0,32,Other,4,11.0,34,142747
0,33,Media,2,11.5,101,252353
0,30,Other,4,10.0,49,147990
0,33,Media,2,11.5,34,212200
0,34,Finance,1,12.0,98,114995
0,39,Other,4,14.5,47,196790
0,43,Other,4,16.5,108,176483
0,30,Other,4,10.0,106,152445
0,41,Other,4,15.5,63,477168
0,28,Engineering,0,9.0,21,115436
0,34,Other,4,12.0,47,199323
0,32,Finance,1,11.0,76,113498
0,30,Tech,7,10.0,51,235319
0,31,Other,4,10.5,53,231067
0,34,Media,2,12.0,38,308449
0,37,Finance,1,13.5,84,112805
0,30,Other,4,10.0,70,154351
0,36,Media,2,13.0,66,334520
0,31,Other,4,10.5,31,121840
0,35,Finance,1,12.5,96,160832
0,39,Media,2,14.5,53,271006
0,38,Tech,7,14.0,107,235975
1,41,Other,4,15.5,148,254925
0,35,Tech,7,12.5,152,114404
0,35,Tech,7,12.5,103,264486
0,46,Other,4,18.0,173,942563
0,32,Tech,7,11.0,38,257788
1,27,Finance,1,8.5,59,86779
0,36,Finance,1,13.0,66,100945
0,34,Other,4,12.0,59,203980
0,34,Tech,7,12.0,70,232397
0,30,Media,2,10.0,21,175572
0,29,Other,4,9.5,10,191400
0,36,Sales,6,13.0,23,439212
0,32,Engineering,0,11.0,33,241541
0,39,Other,4,14.5,87,126802
0,37,Tech,7,13.5,85,211808
0,29,Media,2,9.5,55,132036
0,30,Tech,7,10.0,10,191460
0,35,Tech,7,12.5,85,228917
0,32,Other,4,11.0,43,98594
0,41,Tech,7,15.5,131,360394
0,31,Tech,7,10.5,54,158382
0,30,Media,2,10.0,108,191108
0,35,Other,4,12.5,54,141472
0,32,Tech,7,11.0,108,267228
0,33,Other,4,11.5,51,145626
0,37,Other,4,13.5,18,257675
1,30,Product,5,10.0,52,129166
0,35,Other,4,12.5,95,261937
1,31,Other,4,10.5,10,179083
0,33,Other,4,11.5,95,211248
0,37,Product,5,13.5,167,499278
0,31,Tech,7,10.5,61,170314
0,32,Media,2,11.0,28,160981
1,41,Tech,7,15.5,80,106725
0,32,Other,4,11.0,70,147997
0,35,Operations,3,12.5,70,136232
0,32,Tech,7,11.0,96,232980
0,36,Sales,6,13.0,71,941642
0,30,Media,2,10.0,41,192043
1,34,Finance,1,12.0,47,172987
1,35,Tech,7,12.5,61,294719
0,30,Tech,7,10.0,21,114114
0,41,Engineering,0,15.5,25,476188
0,36,Other,4,13.0,95,236271
0,43,Engineering,0,16.5,40,533627
0,33,Media,2,11.5,83,261735
0,32,Operations,3,11.0,65,212520
0,37,Engineering,0,13.5,106,168397
0,44,Other,4,17.0,143,443238
0,37,Finance,1,13.5,110,185718
0,41,Other,4,15.5,134,185000
0,32,Tech,7,11.0,29,312273
0,32,Tech,7,11.0,118,143604
0,40,Other,4,15.0,125,373194
0,33,Media,2,11.5,125,264772
0,33,Other,4,11.5,54,112067
0,41,Other,4,15.5,13,279207
0,47,Media,2,18.5,39,261918
0,39,Other,4,14.5,98,92174
1,42,Finance,1,16.0,150,134700
1,32,Tech,7,11.0,39,268561
0,38,Tech,7,14.0,41,271099
0,34,Other,4,12.0,29,180820
0,42,Media,2,16.0,71,255455
0,42,Tech,7,16.0,59,456840
0,32,Tech,7,11.0,24,264418
0,29,Media,2,9.5,95,241999
0,34,Engineering,0,12.0,77,153087
0,33,Other,4,11.5,59,122833
0,33,Sales,6,11.5,35,183865
1,30,Finance,1,10.0,26,87122
1,29,Other,4,9.5,50,131185
1,27,Finance,1,8.5,10,81817
0,31,Media,2,10.5,28,209583
0,28,Operations,3,9.0,84,131898
0,39,Finance,1,14.5,88,208856
0,35,Other,4,12.5,49,155214
1,34,Other,4,12.0,77,129348
0,37,Media,2,13.5,56,330566
0,46,Other,4,18.0,89,456160
0,32,Media,2,11.0,95,188788
1,41,Engineering,0,15.5,39,221908
0,34,Other,4,12.0,17,283287
1,46,Other,4,18.0,16,298103
1,37,Other,4,13.5,61,189612
0,31,Media,2,10.5,49,100576
0,30,Engineering,0,10.0,24,246040
0,34,Other,4,12.0,62,237740
0,39,Tech,7,14.5,80,348884
0,31,Engineering,0,10.5,36,183431
0,34,Tech,7,12.0,85,237598
1,31,Media,2,10.5,30,15294
0,37,Finance,1,13.5,106,91837
0,38,Operations,3,14.0,164,280266
0,35,Media,2,12.5,54,380720
0,43,Finance,1,16.5,121,492954
0,32,Product,5,11.0,33,229266
0,36,Media,2,13.0,55,243805
0,33,Media,2,11.5,65,286098
1,35,Other,4,12.5,16,360603
1,37,Other,4,13.5,99,120674
0,41,Tech,7,15.5,64,422922
0,40,Finance,1,15.0,112,162978
0,34,Tech,7,12.0,56,222380
0,36,Media,2,13.0,60,173960
1,33,Tech,7,11.5,58,160893
0,35,Other,4,12.5,158,314797
0,41,Tech,7,15.5,40,209262
1,35,Other,4,12.5,91,159805
1,49,Engineering,0,19.5,39,181728
1,36,Other,4,13.0,40,263207
1,39,Other,4,14.5,37,101757
0,32,Finance,1,11.0,72,115594
0,44,Tech,7,17.0,190,290207
0,28,Other,4,9.0,34,126536
1,31,Other,4,10.5,103,190359
0,35,Other,4,12.5,56,233004
0,37,Media,2,13.5,91,171305
0,31,Finance,1,10.5,33,77513
0,36,Media,2,13.0,38,264375
0,32,Tech,7,11.0,57,204704
0,30,Tech,7,10.0,83,155130
0,36,Sales,6,13.0,83,162081
0,56,Tech,7,23.0,68,614940
0,33,Tech,7,11.5,84,109816
0,32,Finance,1,11.0,28,75997
0,32,Other,4,11.0,74,92346
0,37,Other,4,13.5,28,219914
0,36,Finance,1,13.0,88,110761
0,31,Tech,7,10.5,10,104133
0,34,Finance,1,12.0,83,136574
0,39,Other,4,14.5,39,486983
1,29,Other,4,9.5,36,113284
1,29,Tech,7,9.5,58,229033
0,33,Operations,3,11.5,95,166870
0,35,Tech,7,12.5,37,214580
0,32,Other,4,11.0,51,158260
0,36,Tech,7,13.0,15,261951
0,32,Media,2,11.0,48,267066
0,30,Other,4,10.0,79,187260
0,35,Finance,1,12.5,93,119158
1,29,Finance,1,9.5,22,83591
1,35,Finance,1,12.5,70,119909
0,35,Tech,7,12.5,71,184600
0,27,Other,4,8.5,81,103347
0,30,Tech,7,10.0,64,90095
0,32,Tech,7,11.0,30,189110
0,39,Other,4,14.5,91,199835
0,32,Media,2,11.0,66,226285
0,36,Tech,7,13.0,113,143287
0,37,Product,5,13.5,134,214853
0,31,Other,4,10.5,62,159893
0,41,Tech,7,15.5,120,297612
1,37,Other,4,13.5,120,120608
0,27,Tech,7,8.5,23,109930
0,35,Tech,7,12.5,141,235743
0,30,Media,2,10.0,34,195495
1,37,Finance,1,13.5,144,130158
0,29,Tech,7,9.5,36,159908
1,36,Other,4,13.0,33,96081
0,37,Other,4,13.5,132,225741
0,29,Other,4,9.5,48,100337
0,44,Other,4,17.0,164,400372
0,34,Tech,7,12.0,43,121024
1,28,Tech,7,9.0,39,103601
0,32,Tech,7,11.0,39,270853
0,37,Operations,3,13.5,150,225669
0,31,Tech,7,10.5,34,97495
0,32,Other,4,11.0,59,69255
1,29,Other,4,9.5,31,168744
0,38,Tech,7,14.0,93,166308
1,50,Other,4,20.0,85,240530
0,29,Tech,7,9.5,97,247988
0,41,Other,4,15.5,60,124970
0,30,Other,4,10.0,37,70716
0,33,Other,4,11.5,25,188956
0,30,Tech,7,10.0,60,166223
0,33,Other,4,11.5,30,230473
0,30,Media,2,10.0,40,221303
0,31,Other,4,10.5,91,213584
0,32,Tech,7,11.0,50,225695
1,30,Finance,1,10.0,11,94365
1,30,Other,4,10.0,11,100341
1,30,Finance,1,10.0,51,87616
0,34,Other,4,12.0,57,119519
0,37,Other,4,13.5,92,117344
0,29,Other,4,9.5,57,246201
0,33,Other,4,11.5,35,159007
0,36,Tech,7,13.0,93,355671
0,33,Product,5,11.5,85,213017
0,35,Engineering,0,12.5,33,255399
1,33,Other,4,11.5,94,197793
0,36,Other,4,13.0,32,237438
0,29,Other,4,9.5,40,141053
0,41,Media,2,15.5,87,638987
0,34,Tech,7,12.0,50,249868
1,30,Other,4,10.0,68,156414
0,36,Media,2,13.0,53,183561
0,44,Finance,1,17.0,129,154895
0,35,Tech,7,12.5,48,179855
0,37,Engineering,0,13.5,18,296225
0,43,Tech,7,16.5,125,764148
0,38,Media,2,14.0,117,420806
0,35,Other,4,12.5,117,168377
0,29,Other,4,9.5,35,130485
0,40,Engineering,0,15.0,162,313899
0,33,Tech,7,11.5,57,215817
1,36,Operations,3,13.0,105,102970
1,44,Engineering,0,17.0,173,730261
1,42,Other,4,16.0,190,426883
1,29,Other,4,9.5,10,183340
0,34,Other,4,12.0,130,148259
0,32,Other,4,11.0,127,351917
0,34,Tech,7,12.0,73,231899
0,36,Tech,7,13.0,113,248050
1,29,Tech,7,9.5,56,152548
0,36,Media,2,13.0,111,187462
0,34,Other,4,12.0,121,119991
0,30,Tech,7,10.0,57,198623
0,34,Tech,7,12.0,64,176492
0,30,Operations,3,10.0,21,154337
0,42,Other,4,16.0,87,190276
0,29,Media,2,9.5,21,153567
0,31,Sales,6,10.5,65,286147
0,38,Tech,7,14.0,36,321993
1,28,Finance,1,9.0,64,112973
1,34,Finance,1,12.0,96,111504
0,31,Finance,1,10.5,49,121659
1,33,Tech,7,11.5,47,142609
1,37,Media,2,13.5,11,279207
1,29,Finance,1,9.5,63,104470
0,34,Other,4,12.0,69,240797
0,35,Engineering,0,12.5,54,250249
0,30,Other,4,10.0,77,112556
0,38,Engineering,0,14.0,82,304584
0,34,Other,4,12.0,70,97879
0,34,Operations,3,12.0,59,125930
0,30,Tech,7,10.0,23,124605
0,29,Media,2,9.5,12,178533
0,32,Tech,7,11.0,66,301858
1,30,Tech,7,10.0,35,107452
0,29,Tech,7,9.5,38,216316
0,37,Other,4,13.5,92,462384
0,35,Finance,1,12.5,21,82831
0,33,Media,2,11.5,10,162667
0,30,Tech,7,10.0,57,144295
1,38,Tech,7,14.0,35,147241
1,29,Other,4,9.5,23,94937
1,31,Sales,6,10.5,34,140609
0,32,Finance,1,11.0,93,138234
0,31,Operations,3,10.5,38,95440
1,29,Other,4,9.5,28,87473
1,34,Other,4,12.0,13,197486
1,35,Other,4,12.5,36,159366
0,29,Media,2,9.5,51,154735
0,34,Tech,7,12.0,47,222235
0,29,Other,4,9.5,64,185687
1,36,Other,4,13.0,134,300785
0,29,Engineering,0,9.5,21,183012
0,33,Other,4,11.5,67,132568
1,35,Tech,7,12.5,32,135454
0,40,Other,4,15.0,135,383403
0,30,Tech,7,10.0,9,167600
0,40,Tech,7,15.0,150,454997
0,47,Tech,7,18.5,137,1024965
0,32,Other,4,11.0,73,249442
1,35,Tech,7,12.5,108,312856
0,37,Other,4,13.5,147,285580
1,31,Other,4,10.5,38,96221
0,33,Other,4,11.5,36,84392
1,32,Other,4,11.0,71,157291
1,28,Other,4,9.0,9,102266
0,41,Operations,3,15.5,154,163092
0,31,Media,2,10.5,42,176041
1,41,Tech,7,15.5,94,321718
1,31,Tech,7,10.5,67,179623
1,29,Tech,7,9.5,32,180489
0,42,Other,4,16.0,21,467780
1,36,Other,4,13.0,84,99142
0,40,Other,4,15.0,86,243478
0,31,Tech,7,10.5,39,172598
0,34,Tech,7,12.0,36,201387
0,33,Media,2,11.5,20,204163
1,33,Tech,7,11.5,90,148977
0,31,Other,4,10.5,74,84765
0,34,Tech,7,12.0,59,238401
0,34,Sales,6,12.0,34,200791
0,41,Tech,7,15.5,82,326866
0,35,Other,4,12.5,47,205736
0,29,Other,4,9.5,15,100454
0,34,Operations,3,12.0,86,210649
0,36,Tech,7,13.0,79,154535
0,40,Other,4,15.0,81,338582
0,43,Other,4,16.5,14,273733
0,32,Tech,7,11.0,42,162139
1,28,Other,4,9.0,50,156657
0,42,Other,4,16.0,23,216529
0,34,Other,4,12.0,41,96100
1,39,Engineering,0,14.5,58,295210
0,41,Tech,7,15.5,42,312250
0,40,Finance,1,15.0,97,110318
1,46,Sales,6,18.0,19,152512
0,37,Media,2,13.5,38,251374
1,38,Tech,7,14.0,93,183606
1,33,Tech,7,11.5,91,307862
0,31,Tech,7,10.5,63,226199
1,32,Other,4,11.0,87,112341
1,39,Media,2,14.5,71,288103
0,36,Media,2,13.0,79,388584
1,31,Other,4,10.5,32,79625
1,34,Product,5,12.0,58,115908
0,32,Other,4,11.0,38,178748
0,29,Other,4,9.5,48,85203
0,32,Other,4,11.0,87,213322
0,31,Operations,3,10.5,64,157394
1,29,Operations,3,9.5,95,280767
0,31,Other,4,10.5,34,98433
0,36,Sales,6,13.0,61,231946
0,37,Tech,7,13.5,63,273914
0,29,Other,4,9.5,9,158700
0,31,Tech,7,10.5,83,192152
0,32,Other,4,11.0,87,204496
0,30,Operations,3,10.0,66,216467
0,33,Tech,7,11.5,31,351403
0,30,Tech,7,10.0,90,201224
0,37,Tech,7,13.5,132,269696
1,39,Other,4,14.5,115,153716
0,37,Other,4,13.5,119,215593
0,40,Tech,7,15.0,133,376070
0,39,Operations,3,14.5,117,307342
0,50,Other,4,20.0,173,274189
0,29,Media,2,9.5,30,133804
0,35,Engineering,0,12.5,30,228399
0,38,Sales,6,14.0,106,213085
0,41,Finance,1,15.5,140,172823
0,38,Other,4,14.0,119,199215
0,40,Tech,7,15.0,141,355205
0,34,Other,4,12.0,103,356847
1,33,Media,2,11.5,10,130933
0,40,Other,4,15.0,40,417718
0,30,Media,2,10.0,35,164983
0,39,Finance,1,14.5,99,120247
0,31,Other,4,10.5,52,151901
0,44,Operations,3,17.0,190,377442
0,40,Tech,7,15.0,43,207661
0,32,Media,2,11.0,48,235155
0,34,Tech,7,12.0,117,339332
1,35,Finance,1,12.5,144,167265
1,43,Other,4,16.5,31,321045
1,31,Sales,6,10.5,40,89053
0,34,Media,2,12.0,18,297840
1,35,Other,4,12.5,17,263401
0,34,Engineering,0,12.0,104,229981
1,37,Tech,7,13.5,115,332102
0,39,Finance,1,14.5,61,220528
0,30,Operations,3,10.0,12,80333
0,38,Sales,6,14.0,82,244879
0,29,Media,2,9.5,95,239403
0,42,Other,4,16.0,82,249559
0,29,Other,4,9.5,63,192819
0,35,Media,2,12.5,28,229495
0,42,Tech,7,16.0,52,711862
0,31,Tech,7,10.5,61,197290
0,33,Tech,7,11.5,83,209537
0,39,Other,4,14.5,24,165443
0,38,Media,2,14.0,68,352286
0,39,Finance,1,14.5,65,84207
0,32,Tech,7,11.0,54,223424
0,32,Finance,1,11.0,59,111208
0,31,Tech,7,10.5,49,123148
0,37,Media,2,13.5,93,209700
0,39,Engineering,0,14.5,88,330929
0,37,Other,4,13.5,65,231804
0,29,Other,4,9.5,58,151258
0,35,Tech,7,12.5,38,188172
0,31,Media,2,10.5,12,198818
0,32,Tech,7,11.0,72,176566
0,31,Tech,7,10.5,23,152834
0,35,Media,2,12.5,24,240649
0,32,Tech,7,11.0,42,280300
0,33,Other,4,11.5,84,122186
1,31,Other,4,10.5,88,136062
0,31,Tech,7,10.5,53,116460
0,34,Media,2,12.0,11,209647
0,28,Tech,7,9.0,56,150184
0,37,Finance,1,13.5,81,105936
0,28,Finance,1,9.0,14,89125
0,29,Product,5,9.5,84,222019
1,33,Other,4,11.5,68,99284
1,31,Tech,7,10.5,67,164302
0,34,Other,4,12.0,22,88840
0,29,Other,4,9.5,49,134523
0,29,Tech,7,9.5,69,143817
0,32,Other,4,11.0,69,183001
1,31,Other,4,10.5,11,274165
0,29,Other,4,9.5,84,242464
0,33,Engineering,0,11.5,57,287006
1,29,Other,4,9.5,56,132702
0,32,Tech,7,11.0,85,228221
1,28,Finance,1,9.0,62,93458
0,36,Tech,7,13.0,61,362186
0,38,Media,2,14.0,10,302467
0,32,Engineering,0,11.0,25,216288
0,30,Media,2,10.0,28,170397
0,34,Product,5,12.0,25,201724
1,30,Tech,7,10.0,31,118142
0,34,Operations,3,12.0,85,235241
1,36,Tech,7,13.0,84,203711
1,42,Sales,6,16.0,34,495905
0,35,Other,4,12.5,97,224635
1,29,Tech,7,9.5,84,220212
0,30,Other,4,10.0,26,90509
0,34,Media,2,12.0,87,147368
0,32,Media,2,11.0,12,167600
1,29,Engineering,0,9.5,37,104129
1,32,Other,4,11.0,64,161941
1,33,Tech,7,11.5,84,371471
0,41,Media,2,15.5,85,272643
0,33,Other,4,11.5,34,163174
0,37,Tech,7,13.5,76,207623
0,43,Other,4,16.5,67,552153
1,37,Media,2,13.5,38,107500
1,28,Tech,7,9.0,38,88630
0,35,Other,4,12.5,91,164386
0,34,Tech,7,12.0,46,251829
1,28,Tech,7,9.0,82,199090
0,32,Other,4,11.0,11,194400
0,34,Other,4,12.0,90,279287
0,35,Tech,7,12.5,48,213420
1,36,Tech,7,13.0,57,354904
1,30,Finance,1,10.0,48,96386
1,34,Media,2,12.0,97,242623
0,31,Other,4,10.5,70,251712
0,31,Tech,7,10.5,31,127201
0,30,Engineering,0,10.0,36,178588
1,31,Tech,7,10.5,41,147007
1,29,Other,4,9.5,35,129121
0,33,Other,4,11.5,67,285580
0,42,Other,4,16.0,88,247164
0,33,Other,4,11.5,50,148610
1,32,Media,2,11.0,67,158163
0,42,Media,2,16.0,23,289219
1,40,Other,4,15.0,94,202219
0,42,Other,4,16.0,33,210834
1,39,Tech,7,14.5,95,316053
1,28,Other,4,9.0,57,180898
0,29,Tech,7,9.5,34,186782
0,31,Other,4,10.5,37,112974
1,30,Finance,1,10.0,68,110314
0,34,Other,4,12.0,22,114075
0,38,Tech,7,14.0,117,363386
0,34,Other,4,12.0,122,335839
0,43,Media,2,16.5,117,313945
0,34,Tech,7,12.0,48,218041
0,30,Product,5,10.0,108,244157
0,34,Media,2,12.0,33,266268
0,40,Media,2,15.0,148,335481
0,42,Other,4,16.0,104,499907
1,31,Other,4,10.5,16,104133
0,36,Finance,1,13.0,128,176006
0,30,Media,2,10.0,108,259196
0,28,Product,5,9.0,33,131769
1,40,Tech,7,15.0,155,189634
0,38,Product,5,14.0,149,105189
0,33,Other,4,11.5,104,110466
0,39,Other,4,14.5,147,226729
0,34,Other,4,12.0,117,223622
0,46,Other,4,18.0,15,286600
1,45,Other,4,17.5,131,443054
1,37,Other,4,13.5,153,279717
0,31,Tech,7,10.5,15,176716
1,29,Media,2,9.5,33,128998
0,40,Tech,7,15.0,147,222111
1,34,Other,4,12.0,48,101777
1,50,Finance,1,20.0,190,146276
0,32,Other,4,11.0,28,226288
0,34,Product,5,12.0,99,258233
1,35,Tech,7,12.5,36,79423
0,37,Tech,7,13.5,146,412864
0,30,Media,2,10.0,108,265008
0,53,Other,4,21.5,127,747518
1,39,Sales,6,14.5,129,261848
1,32,Other,4,11.0,47,189750
1,29,Media,2,9.5,53,141710
0,37,Operations,3,13.5,136,196891
0,32,Tech,7,11.0,105,195345
1,35,Tech,7,12.5,108,279962
0,33,Finance,1,11.5,106,173948
1,28,Media,2,9.0,55,150338
0,48,Media,2,19.0,65,767947
1,36,Tech,7,13.0,126,181202
1,28,Other,4,9.0,13,163650
0,41,Operations,3,15.5,164,172376
0,40,Other,4,15.0,121,227938
0,29,Media,2,9.5,59,193755
0,30,Other,4,10.0,38,111329
1,39,Media,2,14.5,120,285235
0,38,Tech,7,14.0,130,480000
0,35,Other,4,12.5,106,285798
0,35,Other,4,12.5,131,178881
0,34,Other,4,12.0,33,117463
0,38,Media,2,14.0,136,512007
0,37,Other,4,13.5,160,341201
0,42,Operations,3,16.0,118,219469
0,36,Media,2,13.0,150,261530
0,35,Tech,7,12.5,147,361699
0,33,Other,4,11.5,103,240793
1,30,Other,4,10.0,49,135338
1,31,Other,4,10.5,61,112295
1,34,Operations,3,12.0,102,177575
0,29,Other,4,9.5,15,88822
0,40,Other,4,15.0,177,332122
1,29,Finance,1,9.5,60,76377
0,42,Media,2,16.0,50,335684
1,28,Engineering,0,9.0,30,180086
0,47,Other,4,18.5,42,369758
1,34,Finance,1,12.0,30,79168
0,42,Media,2,16.0,65,480371
1,36,Tech,7,13.0,22,55446
1,32,Operations,3,11.0,11,143800
1,33,Product,5,11.5,86,150889
0,30,Other,4,10.0,61,136607
1,29,Media,2,9.5,35,220634
0,36,Engineering,0,13.0,41,104813
1,38,Finance,1,14.0,113,121945
0,29,Tech,7,9.5,33,126072
1,29,Other,4,9.5,59,129672
0,36,Media,2,13.0,140,370929
1,51,Other,4,20.5,142,183373
0,38,Media,2,14.0,105,308426
0,36,Tech,7,13.0,134,186510
0,33,Other,4,11.5,28,149575
0,37,Other,4,13.5,47,112503
0,31,Tech,7,10.5,40,198668
0,36,Media,2,13.0,73,235845
1,41,Other,4,15.5,23,195114
1,34,Other,4,12.0,86,195954
0,30,Other,4,10.0,28,173015
0,28,Finance,1,9.0,61,103009
0,36,Tech,7,13.0,93,240056
0,33,Tech,7,11.5,48,211092
0,32,Tech,7,11.0,84,144956
0,40,Tech,7,15.0,89,280565
0,45,Engineering,0,17.5,33,318362
0,34,Media,2,12.0,42,278879
0,38,Other,4,14.0,57,176051
0,38,Finance,1,14.0,90,148170
0,29,Finance,1,9.5,59,106837
0,45,Media,2,17.5,113,618037
0,31,Operations,3,10.5,65,183928
0,39,Other,4,14.5,33,264479
0,33,Engineering,0,11.5,13,252993
0,29,Engineering,0,9.5,84,263678
0,30,Media,2,10.0,48,224872
0,32,Tech,7,11.0,80,197513
0,32,Other,4,11.0,64,175595
0,38,Other,4,14.0,23,268375
0,39,Tech,7,14.5,88,190606
0,33,Finance,1,11.5,85,102074
0,39,Media,2,14.5,58,300930
0,36,Tech,7,13.0,85,516077
0,31,Tech,7,10.5,10,249933
0,30,Media,2,10.0,81,125949
0,32,Engineering,0,11.0,35,202309
0,35,Other,4,12.5,63,224150
0,42,Other,4,16.0,80,510961
0,32,Operations,3,11.0,62,102283
0,31,Tech,7,10.5,89,253825
0,27,Tech,7,8.5,14,195114
0,30,Other,4,10.0,27,209378
0,33,Engineering,0,11.5,37,176391
0,35,Media,2,12.5,71,265928
0,36,Engineering,0,13.0,73,238323
0,31,Tech,7,10.5,36,235638
0,28,Other,4,9.0,84,255217
0,30,Other,4,10.0,32,99079
1,29,Media,2,9.5,69,139902
1,36,Media,2,13.0,124,216763
1,42,Other,4,16.0,143,169588
0,32,Other,4,11.0,19,310220
0,32,Other,4,11.0,39,240627
0,39,Tech,7,14.5,114,205735
0,37,Other,4,13.5,170,129398
0,41,Other,4,15.5,134,134208
0,33,Media,2,11.5,117,242083
0,40,Tech,7,15.0,121,231778
0,32,Media,2,11.0,13,189889
0,41,Finance,1,15.5,178,235767
0,38,Media,2,14.0,90,308280
0,29,Other,4,9.5,32,85441
0,32,Engineering,0,11.0,60,141451
0,37,Finance,1,13.5,130,226697
0,38,Media,2,14.0,98,319849
0,29,Tech,7,9.5,27,134518
0,36,Other,4,13.0,79,168456
0,34,Tech,7,12.0,56,210585
0,40,Other,4,15.0,11,222167
0,35,Other,4,12.5,11,191400
1,30,Engineering,0,10.0,57,146755
0,30,Other,4,10.0,52,124936
1,27,Other,4,8.5,37,107930
0,30,Tech,7,10.0,49,94347
0,29,Engineering,0,9.5,23,166435
0,33,Media,2,11.5,13,161219
0,31,Other,4,10.5,11,154733
1,27,Tech,7,8.5,9,174588
1,30,Other,4,10.0,29,89629
0,29,Other,4,9.5,55,102828
1,38,Tech,7,14.0,62,340533
1,28,Tech,7,9.0,14,156900
0,28,Tech,7,9.0,39,95963
0,26,Sales,6,8.0,40,106343
0,35,Media,2,12.5,24,264688
0,27,Media,2,8.5,34,162381
0,31,Media,2,10.5,19,211742
1,26,Media,2,8.0,41,156330
0,28,Other,4,9.0,34,110352
0,27,Engineering,0,8.5,39,128260
1,26,Other,4,8.0,39,185361
1,28,Other,4,9.0,17,103008
0,27,Other,4,8.5,48,99354
0,27,Other,4,8.5,9,154337
0,28,Other,4,9.0,17,95669
0,35,Other,4,12.5,28,128783
0,29,Other,4,9.5,9,114685
1,27,Media,2,8.5,24,98565
0,37,Other,4,13.5,48,157715
0,28,Media,2,9.0,11,170600
0,29,Other,4,9.5,51,136710
1,29,Tech,7,9.5,21,107108
0,31,Other,4,10.5,60,186602
0,32,Product,5,11.0,14,159097
1,28,Other,4,9.0,12,124546
0,27,Tech,7,8.5,10,129450
0,30,Tech,7,10.0,58,166491
1,30,Tech,7,10.0,35,107751
0,28,Tech,7,9.0,48,110643
0,29,Media,2,9.5,29,97811
0,33,Tech,7,11.5,17,111725
0,29,Other,4,9.5,33,104615
1,29,Other,4,9.5,41,121682
0,29,Engineering,0,9.5,25,196627
0,36,Other,4,13.0,35,104088
0,30,Other,4,10.0,33,87043
0,31,Tech,7,10.5,17,99568
0,29,Other,4,9.5,15,79822
0,28,Tech,7,9.0,37,151311
0,38,Tech,7,14.0,22,484858
0,29,Tech,7,9.5,38,150234
0,29,Tech,7,9.5,26,182233
0,28,Tech,7,9.0,42,175634
0,31,Tech,7,10.5,32,237532
0,30,Tech,7,10.0,10,197364
0,29,Other,4,9.5,14,250900
0,32,Tech,7,11.0,41,343230
1,26,Other,4,8.0,35,96376
0,33,Media,2,11.5,61,185842
1,30,Product,5,10.0,9,97646
1,29,Media,2,9.5,36,126334
0,27,Tech,7,8.5,11,171988
0,27,Media,2,8.5,47,165800
1,30,Media,2,10.0,26,225910
0,29,Other,4,9.5,22,149697
0,29,Media,2,9.5,23,121984
0,28,Other,4,9.0,47,174171
0,28,Other,4,9.0,48,137514
0,30,Other,4,10.0,39,70549
1,29,Tech,7,9.5,41,102958
0,33,Tech,7,11.5,56,190281
0,27,Engineering,0,8.5,32,189113
0,31,Other,4,10.5,31,78565
1,27,Tech,7,8.5,10,93185
0,26,Media,2,8.0,10,135867
0,27,Media,2,8.5,21,79449
0,32,Other,4,11.0,34,157816
0,29,Other,4,9.5,13,260000
0,28,Other,4,9.0,42,63789
0,30,Other,4,10.0,32,78797
1,28,Media,2,9.0,16,80333
0,36,Other,4,13.0,39,232906
0,32,Engineering,0,11.0,69,233475
0,26,Media,2,8.0,26,133988
1,28,Other,4,9.0,10,112646
1,32,Other,4,11.0,27,122712
1,29,Other,4,9.5,26,80457
0,30,Other,4,10.0,14,104185
0,33,Other,4,11.5,54,105715
0,29,Tech,7,9.5,40,118232
0,26,Other,4,8.0,11,118122
1,29,Other,4,9.5,13,66683
1,26,Tech,7,8.0,24,122841
0,27,Tech,7,8.5,30,117050
0,32,Engineering,0,11.0,51,93798
1,28,Tech,7,9.0,47,125306
0,31,Finance,1,10.5,25,79035
0,28,Finance,1,9.0,28,55644
1,30,Finance,1,10.0,50,101320
1,33,Other,4,11.5,48,113015
0,27,Engineering,0,8.5,20,120620
0,26,Media,2,8.0,26,90198
0,33,Tech,7,11.5,68,233239
1,29,Media,2,9.5,23,162103
1,29,Other,4,9.5,47,191881
1,27,Other,4,8.5,12,88883
0,32,Media,2,11.0,28,148796
0,43,Other,4,16.5,42,255976
0,27,Media,2,8.5,9,114591
1,27,Tech,7,8.5,11,114591
0,34,Media,2,12.0,13,230273
0,31,Other,4,10.5,32,114628
0,28,Other,4,9.0,34,104772
1,32,Media,2,11.0,43,159715
1,26,Other,4,8.0,33,82682
0,29,Other,4,9.5,34,142846
0,28,Other,4,9.0,9,100532
0,28,Other,4,9.0,41,177634
0,27,Tech,7,8.5,10,89853
0,30,Other,4,10.0,11,129917
1,27,Tech,7,8.5,27,107048
0,29,Other,4,9.5,22,119193
0,29,Tech,7,9.5,31,87312
1,38,Tech,7,14.0,68,214243
0,27,Tech,7,8.5,31,112956
0,30,Product,5,10.0,37,131181
0,28,Tech,7,9.0,32,81085
1,31,Tech,7,10.5,50,131726
0,27,Other,4,8.5,26,215214
0,26,Tech,7,8.0,14,126767
0,30,Other,4,10.0,11,102545
1,27,Tech,7,8.5,10,78242
1,26,Other,4,8.0,60,145308
0,27,Engineering,0,8.5,60,134118
0,30,Tech,7,10.0,58,132039
0,31,Engineering,0,10.5,66,141592
0,30,Media,2,10.0,61,100521
1,27,Tech,7,8.5,61,117429
1,26,Other,4,8.0,61,103415
0,32,Other,4,11.0,60,98144
0,28,Tech,7,9.0,59,231028
0,27,Other,4,8.5,60,135816
0,26,Tech,7,8.0,60,175415
0,26,Tech,7,8.0,60,145228
1,30,Tech,7,10.0,61,103053
1,27,Other,4,8.5,59,139558
0,42,Other,4,16.0,73,259764
0,28,Tech,7,9.0,72,146361
0,34,Tech,7,12.0,70,326066
0,40,Tech,7,15.0,63,177650
0,33,Engineering,0,11.5,41,226006
0,32,Other,4,11.0,63,109513
0,31,Engineering,0,10.5,59,242018
0,31,Tech,7,10.5,40,188931
1,30,Other,4,10.0,71,141286
0,26,Other,4,8.0,10,119646
0,29,Other,4,9.5,60,157166
0,27,Tech,7,8.5,72,141215
1,27,Media,2,8.5,24,166602
1,26,Operations,3,8.0,59,141061
0,36,Other,4,13.0,62,106684
0,30,Other,4,10.0,35,92187
0,28,Tech,7,9.0,29,61959
1,27,Other,4,8.5,72,158238
0,30,Operations,3,10.0,50,134925
0,27,Other,4,8.5,72,201525
0,34,Other,4,12.0,37,261896
1,27,Other,4,8.5,72,128250
0,28,Other,4,9.0,72,157068
1,27,Product,5,8.5,72,135984
0,31,Other,4,10.5,37,167111
1,26,Media,2,8.0,56,98928
0,29,Product,5,9.5,59,122568
0,26,Tech,7,8.0,57,125510
0,29,Operations,3,9.5,42,142941
0,31,Tech,7,10.5,67,117331
1,30,Tech,7,10.0,38,113674
1,26,Media,2,8.0,33,126366
0,25,Other,4,7.5,13,79367
1,29,Tech,7,9.5,41,156771
0,26,Tech,7,8.0,13,94867
1,33,Other,4,11.5,61,113845
0,29,Finance,1,9.5,72,108067
1,27,Other,4,8.5,72,155272
0,35,Other,4,12.5,73,121795
0,30,Operations,3,10.0,71,190127
0,32,Other,4,11.0,72,154411
0,27,Tech,7,8.5,72,155555
0,30,Operations,3,10.0,71,156145
0,31,Other,4,10.5,72,132947
0,28,Tech,7,9.0,72,188421
1,32,Other,4,11.0,73,265483
0,32,Other,4,11.0,72,142274
1,28,Media,2,9.0,72,135504
1,28,Tech,7,9.0,72,150972
0,35,Media,2,12.5,61,263470
0,37,Sales,6,13.5,65,280110
1,28,Tech,7,9.0,15,172634
0,26,Other,4,8.0,33,81323
0,29,Tech,7,9.5,53,221828
1,30,Finance,1,10.0,50,77612
0,28,Product,5,9.0,36,117426
0,30,Engineering,0,10.0,34,171731
0,28,Media,2,9.0,10,162667
0,30,Other,4,10.0,55,139270
0,37,Engineering,0,13.5,55,186174
0,37,Other,4,13.5,55,180595
0,27,Operations,3,8.5,15,105254
0,31,Engineering,0,10.5,33,176923
1,28,Other,4,9.0,32,102059
0,31,Other,4,10.5,10,163222
1,27,Tech,7,8.5,68,133350
1,26,Media,2,8.0,25,89853
0,55,Media,2,22.5,69,513881
0,30,Tech,7,10.0,59,99538
0,29,Tech,7,9.5,24,118070
1,27,Media,2,8.5,14,150097
1,26,Tech,7,8.0,12,113081
1,30,Product,5,10.0,61,120245
0,38,Finance,1,14.0,69,108139
0,34,Tech,7,12.0,53,108966
1,30,Other,4,10.0,59,96071
0,27,Other,4,8.5,21,139008
0,26,Other,4,8.0,53,152402
1,30,Operations,3,10.0,64,175323
0,32,Operations,3,11.0,59,127834
0,29,Finance,1,9.5,23,89433
0,30,Tech,7,10.0,61,90368
0,47,Other,4,18.5,10,358000
1,27,Other,4,8.5,14,114684
0,30,Other,4,10.0,29,168783
0,27,Other,4,8.5,26,190219
0,32,Tech,7,11.0,36,200552
0,30,Operations,3,10.0,50,113309
0,30,Finance,1,10.0,33,93973
1,26,Media,2,8.0,11,104133
0,30,Other,4,10.0,15,94555
0,26,Other,4,8.0,17,117271
0,28,Tech,7,9.0,15,134162
0,28,Media,2,9.0,22,128395
0,29,Tech,7,9.5,15,115861
0,27,Other,4,8.5,11,95681
1,27,Other,4,8.5,14,119984
1,27,Other,4,8.5,37,73083
0,26,Other,4,8.0,10,114686
0,30,Tech,7,10.0,34,232542
1,27,Tech,7,8.5,23,94375
0,26,Product,5,8.0,12,74457
0,30,Tech,7,10.0,39,93015
0,27,Tech,7,8.5,41,150322
1,26,Other,4,8.0,33,84693
1,32,Other,4,11.0,48,65681
0,28,Tech,7,9.0,50,98566
0,28,Other,4,9.0,51,102047
0,31,Product,5,10.5,49,156759
0,34,Other,4,12.0,51,127754
0,28,Other,4,9.0,22,71662
0,31,Other,4,10.5,13,120275
0,34,Engineering,0,12.0,33,321483
0,30,Other,4,10.0,30,92883
0,27,Engineering,0,8.5,12,99200
0,33,Other,4,11.5,15,299277
0,28,Other,4,9.0,49,131324
1,32,Tech,7,11.0,47,79799
0,31,Other,4,10.5,48,149739
0,27,Other,4,8.5,40,86990
0,28,Other,4,9.0,40,95798
0,31,Tech,7,10.5,40,291163
0,27,Other,4,8.5,25,101450
1,34,Tech,7,12.0,12,111591
0,30,Other,4,10.0,35,152784
0,36,Tech,7,13.0,28,291357
0,26,Other,4,8.0,35,87090
1,26,Tech,7,8.0,14,121167
0,28,Other,4,9.0,19,118899
0,29,Other,4,9.5,36,61382
0,26,Engineering,0,8.0,26,108840
0,29,Tech,7,9.5,10,183248
1,31,Other,4,10.5,37,105609
0,27,Media,2,8.5,39,158611
0,27,Operations,3,8.5,41,92904
1,43,Other,4,16.5,41,168148
0,31,Engineering,0,10.5,33,85669
0,30,Tech,7,10.0,10,143800
0,26,Other,4,8.0,48,93517
1,26,Other,4,8.0,48,122087
0,28,Engineering,0,9.0,48,104810
0,27,Other,4,8.5,48,89962
1,27,Operations,3,8.5,48,93071
0,30,Other,4,10.0,48,138604
0,26,Other,4,8.0,48,133467
0,26,Other,4,8.0,48,85045
0,34,Other,4,12.0,49,207867
0,26,Tech,7,8.0,48,118115
1,32,Sales,6,11.0,37,344731
1,26,Other,4,8.0,37,93608
1,25,Other,4,7.5,48,105816
1,27,Other,4,8.5,48,113169
1,25,Media,2,7.5,48,112008
0,26,Media,2,8.0,48,99552
1,26,Other,4,8.0,48,93250
0,27,Other,4,8.5,48,103253
1,26,Tech,7,8.0,48,85372
0,28,Operations,3,9.0,48,184068
1,29,Operations,3,9.5,48,75149
1,26,Other,4,8.0,48,117409
0,28,Other,4,9.0,48,149867
1,25,Other,4,7.5,48,128196
0,28,Other,4,9.0,48,96200
0,25,Tech,7,7.5,48,103297
1,25,Other,4,7.5,48,85115
0,28,Other,4,9.0,48,105764
0,27,Other,4,8.5,48,121771
1,27,Tech,7,8.5,48,119582
1,25,Other,4,7.5,48,113985
1,25,Media,2,7.5,48,132749
1,25,Other,4,7.5,15,111100
1,25,Tech,7,7.5,48,122099
0,31,Other,4,10.5,48,111754
1,28,Other,4,9.0,48,116556
0,28,Other,4,9.0,48,121822
0,26,Other,4,8.0,48,110911
0,26,Tech,7,8.0,48,118660
0,25,Other,4,7.5,24,102843
0,37,Tech,7,13.5,35,161672
0,32,Finance,1,11.0,39,86862
1,29,Finance,1,9.5,32,79301
0,25,Engineering,0,7.5,12,100167
0,34,Other,4,12.0,26,197254
1,25,Other,4,7.5,39,87196
0,28,Other,4,9.0,22,99846
0,25,Operations,3,7.5,12,109466
0,28,Media,2,9.0,43,140477
1,27,Operations,3,8.5,35,194091
0,25,Media,2,7.5,47,146846
1,29,Engineering,0,9.5,22,97981
1,28,Other,4,9.0,47,92093
0,29,Finance,1,9.5,39,85323
0,35,Other,4,12.5,35,100368
0,31,Other,4,10.5,14,64154
0,30,Tech,7,10.0,47,185404
0,26,Other,4,8.0,35,152143
0,31,Tech,7,10.5,35,110619
1,29,Tech,7,9.5,41,109312
1,27,Other,4,8.5,23,110000
0,31,Other,4,10.5,17,159375
0,28,Media,2,9.0,30,152607
1,26,Media,2,8.0,28,131345
0,26,Engineering,0,8.0,38,116817
0,26,Other,4,8.0,13,122301
1,26,Other,4,8.0,11,93250
0,26,Tech,7,8.0,12,119033
0,26,Tech,7,8.0,31,105898
0,29,Tech,7,9.5,9,111591
0,27,Product,5,8.5,13,60500
0,26,Tech,7,8.0,11,126967
0,33,Media,2,11.5,35,346144
0,32,Sales,6,11.0,23,252196
0,41,Tech,7,15.5,29,289615
0,30,Tech,7,10.0,65,212997
0,37,Media,2,13.5,67,225454
1,31,Other,4,10.5,19,175612
0,33,Operations,3,11.5,69,99509
0,37,Other,4,13.5,69,119386
0,33,Other,4,11.5,70,115710
1,33,Other,4,11.5,37,169716
0,26,Tech,7,8.0,33,208169
0,31,Tech,7,10.5,69,369749
1,27,Tech,7,8.5,23,122829
0,30,Other,4,10.0,12,128950
0,34,Other,4,12.0,32,136342
0,30,Tech,7,10.0,14,195366
0,29,Tech,7,9.5,22,143617
0,29,Media,2,9.5,23,153702
0,44,Tech,7,17.0,37,444751
0,28,Finance,1,9.0,32,80805
0,28,Tech,7,9.0,16,127467
0,26,Operations,3,8.0,57,198587
1,34,Other,4,12.0,62,117441
0,31,Tech,7,10.5,63,133034
0,32,Other,4,11.0,61,153224
1,31,Finance,1,10.5,61,87351
0,28,Tech,7,9.0,35,227907
0,35,Tech,7,12.5,12,164239
1,30,Other,4,10.0,36,111835
1,28,Finance,1,9.0,11,81400
0,37,Other,4,13.5,63,149638
0,46,Engineering,0,18.0,38,186658
0,42,Sales,6,16.0,23,449442
0,28,Other,4,9.0,11,90250
0,31,Tech,7,10.5,21,158500
0,32,Sales,6,11.0,20,184904
0,30,Other,4,10.0,52,104313
0,28,Media,2,9.0,26,176947
0,30,Other,4,10.0,24,86903
0,36,Tech,7,13.0,29,183236
0,27,Tech,7,8.5,38,100524
1,36,Other,4,13.0,52,169141
0,32,Engineering,0,11.0,55,213898
1,28,Other,4,9.0,11,123887
0,30,Tech,7,10.0,55,350351
0,36,Other,4,13.0,52,161237
1,28,Tech,7,9.0,35,160354
0,30,Media,2,10.0,36,167346
0,35,Tech,7,12.5,54,266894
0,28,Other,4,9.0,15,147867
0,28,Media,2,9.0,23,136725
0,30,Media,2,10.0,22,158994
0,32,Tech,7,11.0,9,146800
1,29,Media,2,9.5,22,212106
0,33,Sales,6,11.5,48,237803
0,32,Other,4,11.0,49,111723
0,33,Other,4,11.5,48,155091
0,31,Tech,7,10.5,23,168070
0,29,Tech,7,9.5,20,183400
0,27,Other,4,8.5,23,100399
1,30,Tech,7,10.0,47,128369
0,29,Tech,7,9.5,36,148211
0,31,Media,2,10.5,48,224636
0,36,Tech,7,13.0,36,244715
0,31,Tech,7,10.5,30,188605
0,29,Tech,7,9.5,24,167996
0,30,Tech,7,10.0,13,158270
0,34,Other,4,12.0,49,109711
1,40,Other,4,15.0,101,296365
0,30,Other,4,10.0,48,186003
0,30,Finance,1,10.0,48,216165
0,26,Engineering,0,8.0,27,80413
1,32,Tech,7,11.0,14,164761
0,31,Other,4,10.5,49,212460
0,30,Tech,7,10.0,9,196532
0,30,Tech,7,10.0,21,215725
1,25,Media,2,7.5,15,85059
0,36,Tech,7,13.0,36,230869
0,30,Finance,1,10.0,34,80551
0,32,Other,4,11.0,31,182545
0,26,Media,2,8.0,25,93235
0,29,Engineering,0,9.5,34,170959
0,32,Product,5,11.0,46,286920
0,33,Engineering,0,11.5,45,199892
0,32,Other,4,11.0,46,168105
1,29,Sales,6,9.5,45,141769
0,30,Engineering,0,10.0,46,93871
0,30,Tech,7,10.0,20,210752
0,29,Media,2,9.5,46,156379
1,30,Other,4,10.0,24,142695
0,26,Other,4,8.0,9,123560
0,37,Engineering,0,13.5,45,345941
1,26,Other,4,8.0,24,75174
0,38,Other,4,14.0,30,224094
0,32,Other,4,11.0,45,114830
0,35,Other,4,12.5,46,184360
0,27,Other,4,8.5,21,78613
0,32,Other,4,11.0,37,236908
0,36,Other,4,13.0,46,400970
0,29,Product,5,9.5,35,114398
1,26,Other,4,8.0,35,110977
1,29,Other,4,9.5,23,88602
0,27,Other,4,8.5,35,96634
1,31,Other,4,10.5,46,116975
0,33,Engineering,0,11.5,45,358422
0,28,Finance,1,9.0,46,84996
0,34,Other,4,12.0,39,244970
1,32,Other,4,11.0,45,84724
0,50,Engineering,0,20.0,45,968178
0,39,Engineering,0,14.5,45,453088
0,32,Tech,7,11.0,13,223133
1,28,Other,4,9.0,38,164465
1,29,Other,4,9.5,34,98433
1,26,Tech,7,8.0,46,98683
1,29,Other,4,9.5,11,159667
1,26,Other,4,8.0,45,73671
0,38,Other,4,14.0,45,76504
0,28,Tech,7,9.0,46,150103
0,30,Engineering,0,10.0,45,262968
0,28,Tech,7,9.0,26,181865
0,32,Tech,7,11.0,11,162667
0,37,Engineering,0,13.5,45,334279
1,25,Media,2,7.5,10,120000
0,26,Tech,7,8.0,23,129391
0,33,Tech,7,11.5,45,164949
1,32,Tech,7,11.0,45,162399
0,29,Tech,7,9.5,11,196184
0,32,Engineering,0,11.0,26,241207
0,25,Other,4,7.5,45,105859
0,31,Tech,7,10.5,45,175771
1,25,Tech,7,7.5,13,100167
0,33,Operations,3,11.5,9,93980
0,24,Other,4,7.0,15,91968
0,26,Operations,3,8.0,21,129886
1,26,Other,4,8.0,12,97613
1,25,Other,4,7.5,10,64863
0,25,Operations,3,7.5,14,99472
0,27,Other,4,8.5,10,97613
0,24,Other,4,7.0,11,80050
0,25,Other,4,7.5,15,122261
1,25,Other,4,7.5,14,93990
0,25,Other,4,7.5,12,133487
1,24,Media,2,7.0,12,133725
0,31,Media,2,10.5,38,171056
0,33,Engineering,0,11.5,34,264179
0,25,Other,4,7.5,36,93592
0,31,Other,4,10.5,33,188562
0,26,Other,4,8.0,21,114993
0,31,Other,4,10.5,38,135772
1,27,Media,2,8.5,34,114281
1,27,Tech,7,8.5,13,77795
0,32,Media,2,11.0,13,230273
0,28,Tech,7,9.0,44,140240
0,25,Other,4,7.5,44,93852
0,35,Tech,7,12.5,44,351616
1,32,Tech,7,11.0,43,224625
0,28,Sales,6,9.0,27,90447
1,36,Sales,6,13.0,44,99948
0,33,Tech,7,11.5,44,109721
0,26,Engineering,0,8.0,25,135942
0,27,Media,2,8.5,28,79689
0,25,Other,4,7.5,13,76367
1,29,Other,4,9.5,13,173667
1,25,Operations,3,7.5,10,86283
1,27,Other,4,8.5,23,115117
0,31,Operations,3,10.5,27,112235
1,29,Finance,1,9.5,17,94576
1,25,Other,4,7.5,39,97572
0,25,Operations,3,7.5,14,106272
1,26,Other,4,8.0,14,93100
1,25,Operations,3,7.5,15,86148
0,29,Engineering,0,9.5,43,157389
1,26,Other,4,8.0,42,62908
0,26,Media,2,8.0,43,99926
1,28,Tech,7,9.0,43,92211
0,36,Other,4,13.0,43,126604
0,33,Engineering,0,11.5,39,169257
0,30,Media,2,10.0,12,119485
0,36,Tech,7,13.0,42,154986
0,31,Media,2,10.5,42,292561
0,39,Tech,7,14.5,41,169465
1,25,Other,4,7.5,22,73679
0,30,Other,4,10.0,23,122794
1,27,Media,2,8.5,41,126230
0,26,Other,4,8.0,41,72307
0,27,Other,4,8.5,13,115484
1,25,Tech,7,7.5,11,65967
1,30,Tech,7,10.0,13,88267
1,26,Tech,7,8.0,12,86283
0,35,Other,4,12.5,34,211048
0,27,Operations,3,8.5,33,99771
0,27,Media,2,8.5,23,155396
0,32,Tech,7,11.0,40,251589
0,28,Other,4,9.0,14,77383
1,25,Other,4,7.5,39,108536
0,30,Other,4,10.0,39,92161
0,39,Other,4,14.5,39,168432
1,29,Tech,7,9.5,39,114942
0,26,Other,4,8.0,39,112522
0,25,Other,4,7.5,22,98679
1,26,Operations,3,8.0,9,72400
0,28,Tech,7,9.0,17,124210
1,32,Tech,7,11.0,10,104133
0,31,Tech,7,10.5,17,128628
1,26,Other,4,8.0,14,88970
1,34,Other,4,12.0,32,101739
1,31,Tech,7,10.5,34,121428
0,34,Tech,7,12.0,22,227016
0,27,Media,2,8.5,14,75400
0,26,Other,4,8.0,28,94002
0,26,Other,4,8.0,38,109795
0,29,Engineering,0,9.5,38,160844
0,25,Operations,3,7.5,9,114349
1,27,Sales,6,8.5,13,95301
0,29,Other,4,9.5,14,107990
1,25,Other,4,7.5,22,87102
0,40,Tech,7,15.0,33,234177
0,25,Operations,3,7.5,11,101248
0,26,Other,4,8.0,37,94772
0,25,Other,4,7.5,37,89630
0,25,Operations,3,7.5,12,85642
1,27,Other,4,8.5,37,89792
0,36,Other,4,13.0,37,223968
0,26,Other,4,8.0,16,103601
0,26,Operations,3,8.0,11,84566
1,27,Tech,7,8.5,22,50355
1,24,Other,4,7.0,13,73121
1,25,Tech,7,7.5,14,85661
1,25,Other,4,7.5,36,82178
0,26,Engineering,0,8.0,36,121507
0,24,Tech,7,7.0,36,112204
1,25,Tech,7,7.5,35,67250
0,24,Media,2,7.0,36,84132
0,25,Engineering,0,7.5,36,108612
0,25,Tech,7,7.5,36,101114
0,25,Media,2,7.5,36,87949
0,24,Media,2,7.0,36,133603
1,25,Engineering,0,7.5,36,108895
0,25,Tech,7,7.5,36,82001
1,26,Media,2,8.0,36,76234
0,24,Tech,7,7.0,36,111498
1,24,Tech,7,7.0,36,104496
1,25,Other,4,7.5,36,97853
1,25,Media,2,7.5,36,114002
1,26,Other,4,8.0,9,107952
1,26,Other,4,8.0,9,85988
0,25,Tech,7,7.5,36,113708
0,29,Tech,7,9.5,36,128471
1,24,Other,4,7.0,36,80779
0,24,Media,2,7.0,36,89526
0,30,Other,4,10.0,35,194241
0,24,Tech,7,7.0,36,100350
1,24,Media,2,7.0,36,87014
0,27,Operations,3,8.5,11,114971
0,24,Other,4,7.0,10,93990
0,27,Operations,3,8.5,12,105842
0,27,Tech,7,8.5,35,71235
0,30,Sales,6,10.0,35,250110
1,26,Other,4,8.0,35,66079
1,27,Other,4,8.5,35,62947
0,29,Other,4,9.5,35,66707
0,44,Media,2,17.0,35,408674
1,28,Other,4,9.0,35,112067
0,27,Other,4,8.5,34,66379
1,27,Media,2,8.5,11,93185
0,28,Other,4,9.0,13,73977
1,24,Other,4,7.0,11,93185
1,25,Product,5,7.5,13,81178
1,27,Media,2,8.5,24,91439
0,30,Other,4,10.0,28,177688
1,27,Other,4,8.5,34,62100
0,30,Media,2,10.0,34,170548
0,28,Other,4,9.0,34,59496
0,29,Finance,1,9.5,34,85755
0,44,Tech,7,17.0,34,333490
0,27,Tech,7,8.5,10,119033
0,25,Other,4,7.5,9,70417
1,26,Media,2,8.0,32,62087
0,26,Other,4,8.0,13,88872
0,27,Other,4,8.5,12,76367
0,25,Media,2,7.5,32,73027
0,25,Media,2,7.5,32,78291
1,28,Operations,3,9.0,12,94032
1,24,Other,4,7.0,10,96185
1,28,Operations,3,9.0,11,112454
0,25,Engineering,0,7.5,11,102560
0,25,Other,4,7.5,22,91317
1,25,Other,4,7.5,23,78816
1,24,Media,2,7.0,30,89696
1,41,Other,4,15.5,10,136725
1,25,Other,4,7.5,14,84566
0,27,Other,4,8.5,14,131914
0,25,Tech,7,7.5,28,90468
0,26,Other,4,8.0,12,112259
0,23,Operations,3,6.5,15,104655
0,22,Product,5,6.0,14,76367
0,26,Other,4,8.0,26,76165
0,27,Other,4,8.5,12,106778
1,25,Tech,7,7.5,17,57287
0,29,Other,4,9.5,25,69862
1,37,Other,4,13.5,25,260309
1,25,Operations,3,7.5,9,85048
1,31,Other,4,10.5,19,218690
0,26,Tech,7,8.0,15,73236
1,24,Media,2,7.0,24,101574
1,24,Media,2,7.0,24,80754
0,24,Tech,7,7.0,24,78908
0,23,Tech,7,6.5,24,95385
0,23,Media,2,6.5,24,66850
0,24,Media,2,7.0,24,63009
0,24,Media,2,7.0,24,86402
0,23,Tech,7,6.5,24,78219
0,24,Media,2,7.0,24,66832
0,23,Media,2,6.5,24,94630
0,25,Media,2,7.5,24,66832
1,24,Media,2,7.0,24,74615
1,23,Other,4,6.5,24,60341
0,24,Other,4,7.0,24,89204
1,23,Other,4,6.5,24,80502
1,23,Other,4,6.5,24,83667
0,25,Other,4,7.5,24,97103
0,23,Media,2,6.5,24,71851
1,23,Other,4,6.5,24,89352
1,23,Other,4,6.5,24,72529
0,24,Other,4,7.0,24,67875
1,23,Other,4,6.5,24,87010
0,24,Tech,7,7.0,24,74502
0,23,Tech,7,6.5,24,84087
0,24,Media,2,7.0,24,80883
0,23,Tech,7,6.5,24,77502
0,24,Media,2,7.0,24,67608
0,24,Tech,7,7.0,24,84662
0,23,Tech,7,6.5,24,100843
0,24,Media,2,7.0,24,102652
0,24,Tech,7,7.0,24,76752
0,23,Other,4,6.5,24,74127
0,25,Media,2,7.5,24,59872
1,24,Tech,7,7.0,24,70236
0,32,Tech,7,11.0,15,172676
0,25,Other,4,7.5,11,93990
1,23,Other,4,6.5,12,99528
1,24,Other,4,7.0,22,102213
1,25,Other,4,7.5,23,107528
1,24,Tech,7,7.0,22,50355
1,28,Tech,7,9.0,22,50355
1,25,Other,4,7.5,9,101585
0,24,Other,4,7.0,10,88267
1,23,Other,4,6.5,11,54100
0,30,Tech,7,10.0,10,163222
0,26,Operations,3,8.0,9,106855
1,23,Other,4,6.5,11,46150
0,26,Other,4,8.0,11,96185
0,36,Other,4,13.0,18,262432
1,37,Other,4,13.5,18,329901
0,22,Tech,7,6.0,10,62087
0,30,Engineering,0,10.0,13,192114
0,22,Operations,3,6.0,10,103039
0,22,Engineering,0,6.0,12,73813
1,22,Engineering,0,6.0,12,65087
1,24,Media,2,7.0,12,65087
1,23,Other,4,6.5,12,73469
0,23,Tech,7,6.5,12,73813
0,23,Tech,7,6.5,12,73813
0,24,Media,2,7.0,12,73813
0,22,Media,2,6.0,12,62087
0,22,Product,5,6.0,12,84300
0,23,Media,2,6.5,12,75668
0,23,Tech,7,6.5,12,70813
0,23,Tech,7,6.5,12,73813
0,23,Tech,7,6.5,12,100468
0,23,Media,2,6.5,12,73447
0,23,Tech,7,6.5,12,73813
1,23,Tech,7,6.5,12,62087
0,24,Engineering,0,7.0,12,62087
0,23,Tech,7,6.5,12,65087
0,22,Media,2,6.0,12,65087
0,22,Other,4,6.0,12,73622
1,22,Engineering,0,6.0,12,73813
0,22,Other,4,6.0,12,73813
0,27,Operations,3,8.5,12,97067
1,23,Other,4,6.5,12,68317
0,22,Media,2,6.0,12,70813
0,21,Tech,7,5.5,12,73813
1,23,Tech,7,6.5,12,58517
1,23,Media,2,6.5,12,70813
0,28,Other,4,9.0,12,71542
0,22,Other,4,6.0,12,73813
1,22,Tech,7,6.0,12,73813
0,22,Tech,7,6.0,12,73813
0,22,Tech,7,6.0,12,73813
1,22,Media,2,6.0,12,65087
1,24,Engineering,0,7.0,12,70813
0,21,Other,4,5.5,12,70813
0,23,Other,4,6.5,12,73813
0,23,Tech,7,6.5,12,73813
0,22,Other,4,6.0,12,56628
1,23,Other,4,6.5,12,83615
0,22,Tech,7,6.0,12,70813
1,36,Tech,7,13.0,12,401881
0,22,Tech,7,6.0,12,73813
0,26,Finance,1,8.0,11,66312
0,25,Finance,1,7.5,11,66912
0,25,Tech,7,7.5,10,138867
1,30,Other,4,10.0,10,63902
1,22,Tech,7,6.0,10,62087
0,34,Other,4,12.0,9,133725
0,22,Operations,3,6.0,9,77332
1,22,Other,4,6.0,9,88686
1,39,Tech,7,14.5,25,272
0,33,Tech,7,11.5,37,2511
0,29,Tech,7,9.5,40,736
1,27,Other,4,8.5,10,148312
0,36,Other,4,13.0,55,26796
0,34,Engineering,0,12.0,40,267263
0,27,Tech,7,8.5,36,80111
0,36,Tech,7,13.0,86,895496
0,31,Tech,7,10.5,87,40890
0,26,Operations,3,8.0,56,110088
0,33,Finance,1,11.5,30,52045
0,29,Other,4,9.5,34,88934
0,27,Engineering,0,8.5,33,133224
0,29,Operations,3,9.5,15,72547
0,47,Other,4,18.5,30,227176
0,27,Finance,1,8.5,29,114641
